key,key_as_string,doc_count,jumlah_vaksinasi_2,jumlah_vaksinasi_1,jumlah_jumlah_vaksinasi_1_kum,jumlah_jumlah_vaksinasi_2_kum
1612137600000,2021-02-01,1,0,0,0,0
1612224000000,2021-02-02,0,0,0,0,0
1612310400000,2021-02-03,0,0,0,0,0
1612396800000,2021-02-04,0,0,0,0,0
1612483200000,2021-02-05,0,0,0,0,0
1612569600000,2021-02-06,0,0,0,0,0
1612656000000,2021-02-07,0,0,0,0,0
1612742400000,2021-02-08,0,0,0,0,0
1612828800000,2021-02-09,0,0,0,0,0
1612915200000,2021-02-10,0,0,0,0,0
1613001600000,2021-02-11,0,0,0,0,0
1613088000000,2021-02-12,0,0,0,0,0
1613174400000,2021-02-13,0,0,0,0,0
1613260800000,2021-02-14,0,0,0,0,0
1613347200000,2021-02-15,0,0,0,0,0
1613433600000,2021-02-16,0,0,0,0,0
1613520000000,2021-02-17,0,0,0,0,0
1613606400000,2021-02-18,0,0,0,0,0
1613692800000,2021-02-19,0,0,0,0,0
1613779200000,2021-02-20,0,0,0,0,0
1613865600000,2021-02-21,0,0,0,0,0
1613952000000,2021-02-22,0,0,0,0,0
1614038400000,2021-02-23,0,0,0,0,0
1614124800000,2021-02-24,0,0,0,0,0
1614211200000,2021-02-25,0,0,0,0,0
1614297600000,2021-02-26,0,0,0,0,0
1614384000000,2021-02-27,0,0,0,0,0
1614470400000,2021-02-28,0,0,0,0,0
1614556800000,2021-03-01,0,0,0,0,0
1614643200000,2021-03-02,0,0,0,0,0
1614729600000,2021-03-03,0,0,0,0,0
1614816000000,2021-03-04,0,0,0,0,0
1614902400000,2021-03-05,0,0,0,0,0
1614988800000,2021-03-06,0,0,0,0,0
1615075200000,2021-03-07,0,0,0,0,0
1615161600000,2021-03-08,0,0,0,0,0
1615248000000,2021-03-09,0,0,0,0,0
1615334400000,2021-03-10,0,0,0,0,0
1615420800000,2021-03-11,0,0,0,0,0
1615507200000,2021-03-12,0,0,0,0,0
1615593600000,2021-03-13,0,0,0,0,0
1615680000000,2021-03-14,0,0,0,0,0
1615766400000,2021-03-15,1,1572786,4166862,4166862,1572786
1615852800000,2021-03-16,1,143963,302089,4468951,1716749
1615939200000,2021-03-17,1,159391,236297,4705248,1876140
1616025600000,2021-03-18,1,72391,133504,4838752,1948531
1616112000000,2021-03-19,1,119869,120311,4959063,2068400
1616198400000,2021-03-20,1,152800,165885,5124948,2221200
1616284800000,2021-03-21,1,80778,408431,5533379,2301978
1616371200000,2021-03-22,1,10623,33901,5567280,2312601
1616457600000,2021-03-23,1,181821,164930,5732210,2494422
1616544000000,2021-03-24,1,215123,246041,5978251,2709545
1616630400000,2021-03-25,1,231471,411586,6389837,2941016
1616716800000,2021-03-26,1,207595,579364,6969201,3148611
1616803200000,2021-03-27,1,85199,209813,7179014,3233810
1616889600000,2021-03-28,1,12645,64188,7243202,3246455
1616976000000,2021-03-29,1,67039,151219,7394421,3313494
1617062400000,2021-03-30,1,186770,335161,7729582,3500264
1617148800000,2021-03-31,1,209333,366135,8095717,3709597
1617235200000,2021-04-01,1,141194,253758,8349475,3850791
1617321600000,2021-04-02,1,16775,69114,8418589,3867566
1617408000000,2021-04-03,1,84303,114833,8533422,3951869
1617494400000,2021-04-04,1,62532,95760,8629182,4014401
1617580800000,2021-04-05,1,193925,208899,8838081,4208326
1617667200000,2021-04-06,1,170025,137285,8975366,4378351
1617753600000,2021-04-07,1,169229,212391,9187757,4547580
1617840000000,2021-04-08,1,117611,122052,9309809,4665191
1617926400000,2021-04-09,1,278040,474469,9784278,4943231
1618012800000,2021-04-10,1,107293,171155,9955433,5050524
1618099200000,2021-04-11,1,49466,90142,10045575,5099990
1618185600000,2021-04-12,1,210749,216216,10261791,5310739
1618272000000,2021-04-13,1,121258,112172,10373963,5431997
1618358400000,2021-04-14,1,136860,103543,10477506,5568857
1618444800000,2021-04-15,1,144547,118867,10596373,5713404
1618531200000,2021-04-16,1,106542,109811,10706184,5819946
1618617600000,2021-04-17,1,69770,95060,10801244,5889716
1618704000000,2021-04-18,1,21205,27175,10828419,5910921
1618790400000,2021-04-19,1,139811,138515,10966934,6050732
1618876800000,2021-04-20,1,81155,134357,11101291,6131887
1618963200000,2021-04-21,1,190116,167922,11269213,6322003
1619049600000,2021-04-22,1,166194,163498,11432711,6488197
1619136000000,2021-04-23,1,188951,155168,11587879,6677148
1619222400000,2021-04-24,1,107446,111706,11699585,6784594
1619308800000,2021-04-25,1,37710,34338,11733923,6822304
1619395200000,2021-04-26,1,176000,110656,11844579,6998304
1619481600000,2021-04-27,1,180464,136455,11981034,7178768
1619568000000,2021-04-28,1,195690,131854,12112888,7374458
1619654400000,2021-04-29,1,191913,167877,12280765,7566371
1619740800000,2021-04-30,1,63488,105121,12385886,7629859
1619827200000,2021-05-01,1,37724,57377,12443263,7667583
1619913600000,2021-05-02,1,10902,13901,12457164,7678485
1620000000000,2021-05-03,1,148711,88208,12545372,7827196
1620086400000,2021-05-04,1,153859,127492,12672864,7981055
1620172800000,2021-05-05,1,170887,160022,12832886,8151942
1620259200000,2021-05-06,1,166002,162824,12995710,8317944
1620345600000,2021-05-07,1,138315,140976,13136686,8456259
1620432000000,2021-05-08,1,127595,147736,13284422,8583854
1620518400000,2021-05-09,1,50692,56535,13340957,8634546
1620604800000,2021-05-10,1,120710,134130,13475087,8755256
1620691200000,2021-05-11,1,115168,140226,13615313,8870424
1620777600000,2021-05-12,1,37841,63010,13678323,8908265
1620864000000,2021-05-13,1,11292,17230,13695553,8919557
1620950400000,2021-05-14,1,1874,3840,13699393,8921431
1621036800000,2021-05-15,1,32869,22234,13721627,8954300
1621123200000,2021-05-16,1,16415,15969,13737596,8970715
1621209600000,2021-05-17,1,96267,65459,13803055,9066982
1621296000000,2021-05-18,1,180618,148920,13951975,9247600
1621382400000,2021-05-19,1,119035,147779,14099754,9366635
1621468800000,2021-05-20,1,169467,269479,14369233,9536102
1621555200000,2021-05-21,1,175144,237098,14606331,9711246
1621641600000,2021-05-22,1,114253,209335,14815666,9825499
1621728000000,2021-05-23,1,46165,75267,14890933,9871664
1621814400000,2021-05-24,1,25318,28656,14919589,9896982
1621900800000,2021-05-25,1,228498,410717,15330306,10125480
1621987200000,2021-05-26,1,99353,205692,15535998,10224833
1622073600000,2021-05-27,1,135163,167585,15703583,10359996
1622160000000,2021-05-28,1,126403,297364,16000947,10486399
1622246400000,2021-05-29,1,68397,202882,16203829,10554796
1622332800000,2021-05-30,1,29693,100871,16304700,10584489
1622419200000,2021-05-31,1,47346,108972,16413672,10631835
1622505600000,2021-06-01,1,82465,180909,16594581,10714300
1622592000000,2021-06-02,1,138684,171682,16766263,10852984
1622678400000,2021-06-03,1,131916,276587,17042850,10984900
1622764800000,2021-06-04,1,70654,248654,17291504,11055554
1622851200000,2021-06-05,1,65915,289960,17581464,11121469
1622937600000,2021-06-06,1,5288,62139,17643603,11126757
1623024000000,2021-06-07,1,70312,132315,17775918,11197069
1623110400000,2021-06-08,1,158956,484564,18260482,11356025
1623196800000,2021-06-09,1,80234,458287,18718769,11436259
1623283200000,2021-06-10,1,52658,492664,19211433,11488917
1623369600000,2021-06-11,1,36721,458535,19669968,11525638
1623456000000,2021-06-12,1,33500,374219,20044187,11559138
1623542400000,2021-06-13,1,9305,114750,20158937,11568443
1623628800000,2021-06-14,1,47419,265111,20424048,11615862
1623715200000,2021-06-15,1,83159,480675,20904723,11699021
1623801600000,2021-06-16,1,116597,544051,21448774,11815618
1623888000000,2021-06-17,1,147512,550482,21999256,11963130
1623974400000,2021-06-18,1,132936,455911,22455167,12096066
1624060800000,2021-06-19,1,116840,418175,22873342,12212906
1624147200000,2021-06-20,1,26800,170030,23043372,12239706
1624233600000,2021-06-21,1,80680,222401,23265773,12320386
1624320000000,2021-06-22,1,194531,524111,23789884,12514917
1624406400000,2021-06-23,1,125124,568972,24358856,12640041
1624492800000,2021-06-24,1,129748,570586,24929442,12769789
1624579200000,2021-06-25,1,142834,552594,25482036,12912623
1624665600000,2021-06-26,1,105901,550095,26032131,13018524
1624752000000,2021-06-27,1,90507,1083632,27115763,13109031
1624838400000,2021-06-28,1,73003,304135,27419898,13182034
1624924800000,2021-06-29,1,147704,884876,28304774,13329738
1625011200000,2021-06-30,1,135761,974368,29279142,13465499
1625097600000,2021-07-01,1,158658,905250,30184392,13624157
1625184000000,2021-07-02,1,145950,707429,30891821,13770107
1625270400000,2021-07-03,1,152625,681419,31573240,13922732
1625356800000,2021-07-04,1,56832,490505,32063745,13979564
1625443200000,2021-07-05,1,56370,238523,32302268,14035934
1625529600000,2021-07-06,1,232046,873761,33176029,14267980
1625616000000,2021-07-07,1,175833,863768,34039797,14443813
1625702400000,2021-07-08,1,178689,820889,34860686,14622502
1625788800000,2021-07-09,1,246075,914881,35775567,14868577
1625875200000,2021-07-10,1,100753,417509,36193076,14969330
1625961600000,2021-07-11,1,42018,73943,36267019,15011348
1626048000000,2021-07-12,1,25120,101172,36368191,15036468
1626134400000,2021-07-13,1,154530,546416,36914607,15190998
1626220800000,2021-07-14,1,420556,1994826,38909433,15611554
1626307200000,2021-07-15,1,198545,718716,39628149,15810099
1626393600000,2021-07-16,1,130630,600662,40228811,15940729
1626480000000,2021-07-17,1,277126,1039816,41268627,16217855
1626566400000,2021-07-18,1,56295,404837,41673464,16274150
1626652800000,2021-07-19,1,126201,422067,42095531,16400351
1626739200000,2021-07-20,1,50937,249144,42344675,16451288
1626825600000,2021-07-21,1,155387,266927,42611602,16606675
1626912000000,2021-07-22,1,289525,544193,43155795,16896200
1626998400000,2021-07-23,1,257945,561459,43717254,17154145
1627084800000,2021-07-24,1,321851,390672,44107926,17475996
1627171200000,2021-07-25,1,430508,362048,44469974,17906504
1627257600000,2021-07-26,1,223374,258346,44728320,18129878
1627344000000,2021-07-27,1,536465,550229,45278549,18666343
1627430400000,2021-07-28,1,436819,456363,45734912,19103162
1627516800000,2021-07-29,1,566060,555030,46289942,19669222
1627603200000,2021-07-30,1,477199,516051,46805993,20146421
1627689600000,2021-07-31,1,388402,420521,47226514,20534823
1627776000000,2021-08-01,1,138256,251654,47478168,20673079
1627862400000,2021-08-02,1,261346,208315,47686483,20934425
1627948800000,2021-08-03,1,502483,419725,48106208,21436908
1628035200000,2021-08-04,1,528458,379057,48485265,21965366
1628121600000,2021-08-05,1,245013,348858,48834123,22210379
1628208000000,2021-08-06,1,681445,556935,49391058,22891824
1628294400000,2021-08-07,1,453440,410765,49801823,23345264
1628380800000,2021-08-08,1,432059,696117,50497940,23777323
1628467200000,2021-08-09,1,434701,132375,50630315,24212024
1628553600000,2021-08-10,1,685556,565236,51195551,24897580
1628640000000,2021-08-11,1,541720,510373,51705924,25439300
1628726400000,2021-08-12,1,305550,188642,51894566,25744850
1628812800000,2021-08-13,1,1484073,1317784,53212350,27228923
1628899200000,2021-08-14,1,564633,406520,53618870,27793556
1628985600000,2021-08-15,1,318729,69252,53688122,28112285
1629072000000,2021-08-16,1,412701,694558,54382680,28524986
1629158400000,2021-08-17,1,634063,599870,54982550,29159049
1629244800000,2021-08-18,1,244296,209944,55192494,29403345
1629331200000,2021-08-19,1,965180,853437,56045931,30368525
1629417600000,2021-08-20,1,384612,458124,56504055,30753137
1629504000000,2021-08-21,1,457785,482095,56986150,31210922
1629590400000,2021-08-22,1,390946,353157,57339307,31601868
1629676800000,2021-08-23,1,444356,440409,57779716,32046224
1629763200000,2021-08-24,1,594774,689094,58468810,32640998
1629849600000,2021-08-25,1,453507,542523,59011333,33094505
1629936000000,2021-08-26,1,262744,415601,59426934,33357249
1630022400000,2021-08-27,1,763954,1008621,60435555,34121203
1630108800000,2021-08-28,1,581618,786703,61222258,34702821
1630195200000,2021-08-29,1,155179,432418,61654676,34858000
1630281600000,2021-08-30,1,456460,640220,62294896,35314460
1630368000000,2021-08-31,1,540751,816392,63111288,35855211
1630454400000,2021-09-01,1,488009,833667,63944955,36343220
1630540800000,2021-09-02,1,516181,797646,64742601,36859401
1630627200000,2021-09-03,1,788632,1152072,65894673,37648033
1630713600000,2021-09-04,1,382619,458996,66353669,38030652
1630800000000,2021-09-05,1,192501,429004,66782673,38223153
1630886400000,2021-09-06,1,248938,372680,67155353,38472091
1630972800000,2021-09-07,1,693889,1053235,68208588,39165980
1631059200000,2021-09-08,1,555591,985951,69194539,39721571
1631145600000,2021-09-09,1,641249,1128021,70322560,40362820
1631232000000,2021-09-10,1,505173,852699,71175259,40867993
1631318400000,2021-09-11,1,666347,1073461,72248720,41534340
1631404800000,2021-09-12,1,200394,517475,72766195,41734734
1631491200000,2021-09-13,1,370105,544368,73310563,42104839
1631577600000,2021-09-14,1,460492,946952,74257515,42565331
1631664000000,2021-09-15,1,397309,883209,75140724,42962640
1631750400000,2021-09-16,1,522331,1012763,76153487,43484971
1631836800000,2021-09-17,1,639744,1264001,77417488,44124715
1631923200000,2021-09-18,1,591855,1123031,78540519,44716570
1632009600000,2021-09-19,1,417624,974837,79515356,45134194
1632096000000,2021-09-20,1,90456,142406,79657762,45224650
1632182400000,2021-09-21,1,628383,750982,80408744,45853033
1632268800000,2021-09-22,1,643144,1705044,82113788,46496177
1632355200000,2021-09-23,1,484170,1134340,83248128,46980347
1632441600000,2021-09-24,1,727794,1615771,84863899,47708141
1632528000000,2021-09-25,1,287964,569619,85433518,47996105
1632614400000,2021-09-26,1,530543,1027167,86460685,48526648
1632700800000,2021-09-27,1,388828,701841,87162526,48915476
1632787200000,2021-09-28,1,740242,1368611,88531137,49655718
1632873600000,2021-09-29,1,757275,1291850,89822987,50412993
1632960000000,2021-09-30,1,700367,1256014,91079001,51113360
1633046400000,2021-10-01,1,637337,1082000,92161001,51750697
1633132800000,2021-10-02,1,565869,905493,93066494,52316566
1633219200000,2021-10-03,1,359486,713952,93780446,52676052
1633305600000,2021-10-04,1,330871,443244,94223690,53006923
1633392000000,2021-10-05,1,649998,715527,94939217,53656921
1633478400000,2021-10-06,1,785058,842556,95781773,54441979
1633564800000,2021-10-07,1,517566,710381,96492154,54959545
1633651200000,2021-10-08,1,1146461,1654154,98146308,56106006
1633737600000,2021-10-09,1,802658,1226986,99373294,56908664
1633824000000,2021-10-10,1,500639,686187,100059481,57409303
1633910400000,2021-10-11,1,197897,262894,100322375,57607200
1633996800000,2021-10-12,1,798380,1040519,101362894,58405580
1634083200000,2021-10-13,1,1005918,1322923,102685817,59411498
1634169600000,2021-10-14,1,1010575,1622885,104308702,60422073
1634256000000,2021-10-15,1,974982,1155984,105464686,61397055
1634342400000,2021-10-16,1,769861,1205284,106669970,62166916
1634428800000,2021-10-17,1,565652,833258,107503228,62732568
1634515200000,2021-10-18,1,456232,477788,107981016,63188800
1634601600000,2021-10-19,1,820098,1024611,109005627,64008898
1634688000000,2021-10-20,1,613794,791239,109796866,64622692
1634774400000,2021-10-21,1,550456,609911,110406777,65173148
1634860800000,2021-10-22,1,1143519,1089264,111496041,66316667
1634947200000,2021-10-23,1,849065,775887,112271928,67165732
1635033600000,2021-10-24,1,749708,760840,113032768,67915440
1635120000000,2021-10-25,1,348569,391611,113424379,68264009
1635206400000,2021-10-26,1,866113,922722,114347101,69130122
1635292800000,2021-10-27,1,983496,1155423,115502524,70113618
1635379200000,2021-10-28,1,986251,1117757,116620281,71099869
1635465600000,2021-10-29,1,961208,1068833,117689114,72061077
1635552000000,2021-10-30,1,1229611,1462704,119151818,73290688
1635638400000,2021-10-31,1,408295,510430,119662248,73698983
1635724800000,2021-11-01,1,389944,390339,120052587,74088927
1635811200000,2021-11-02,1,716740,835260,120887847,74805667
1635897600000,2021-11-03,1,1023523,1087906,121975753,75829190
1635984000000,2021-11-04,1,858560,876343,122852096,76687750
1636070400000,2021-11-05,1,1000088,972103,123824199,77687838
1636156800000,2021-11-06,1,426234,331968,124156167,78114072
1636243200000,2021-11-07,1,880091,949796,125105963,78994163
1636329600000,2021-11-08,1,218312,288524,125394487,79212475
1636416000000,2021-11-09,1,858050,1064798,126459285,80070525
1636502400000,2021-11-10,1,883614,875981,127335266,80954139
1636588800000,2021-11-11,1,756960,812079,128147345,81711099
1636675200000,2021-11-12,1,1107393,942043,129089388,82818492
1636761600000,2021-11-13,1,599594,620802,129710190,83418086
1636848000000,2021-11-14,1,743673,573155,130283345,84161759
1636934400000,2021-11-15,1,390687,333169,130616514,84552446
1637020800000,2021-11-16,1,818238,676357,131292871,85370684
1637107200000,2021-11-17,1,909032,713506,132006377,86279716
1637193600000,2021-11-18,1,56207,67609,132073986,86335923
1637280000000,2021-11-19,1,1624194,1328065,133402051,87960117
1637366400000,2021-11-20,1,800080,622958,134025009,88760197
1637452800000,2021-11-21,1,460144,393277,134418286,89220341
1637539200000,2021-11-22,1,206529,195850,134614136,89426870
1637625600000,2021-11-23,1,800912,802927,135417063,90227782
1637712000000,2021-11-24,1,987204,663785,136080848,91214986
1637798400000,2021-11-25,1,1059576,632299,136713147,92274562
1637884800000,2021-11-26,1,830467,792057,137505204,93105029
1637971200000,2021-11-27,1,561810,614409,138119613,93666839
1638057600000,2021-11-28,1,672898,410618,138530231,94339737
1638144000000,2021-11-29,1,415923,378631,138908862,94755660
1638230400000,2021-11-30,1,718208,456576,139365438,95473868
1638316800000,2021-12-01,1,1045478,839608,140205046,96519346
1638403200000,2021-12-02,1,799303,680183,140885229,97318649
1638489600000,2021-12-03,1,728185,617863,141503092,98046834
1638576000000,2021-12-04,1,576784,527878,142030970,98623618
1638662400000,2021-12-05,1,385963,401377,142432347,99009581
1638748800000,2021-12-06,1,215991,268593,142700940,99225572
1638835200000,2021-12-07,1,599872,590412,143291352,99825444
1638921600000,2021-12-08,1,633828,502690,143794042,100459272
1639008000000,2021-12-09,1,690237,652282,144446324,101149509
1639094400000,2021-12-10,1,645087,639588,145085912,101794596
1639180800000,2021-12-11,1,650661,824107,145910019,102445257
1639267200000,2021-12-12,1,464925,579619,146489638,102910182
1639353600000,2021-12-13,1,188675,386321,146875959,103098857
1639440000000,2021-12-14,1,539461,592437,147468396,103638318
1639526400000,2021-12-15,1,883838,875819,148344215,104522156
1639612800000,2021-12-16,1,715965,861356,149205571,105238121
1639699200000,2021-12-17,1,782417,1043929,150249500,106020538
1639785600000,2021-12-18,1,615635,996796,151246296,106636173
1639872000000,2021-12-19,1,415390,171582,151417878,107051563
1639958400000,2021-12-20,1,128615,357719,151775597,107180178
1640044800000,2021-12-21,1,525835,820920,152596517,107706013
1640131200000,2021-12-22,1,834042,907168,153503685,108540055
1640217600000,2021-12-23,1,717016,990430,154494115,109257071
1640304000000,2021-12-24,1,698681,920409,155414524,109955752
1640390400000,2021-12-25,1,451535,768061,156182585,110407287
1640476800000,2021-12-26,1,213520,459193,156641778,110620807
1640563200000,2021-12-27,1,192049,353008,156994786,110812856
1640649600000,2021-12-28,1,752446,810019,157804805,111565302
1640736000000,2021-12-29,1,712486,1157437,158962242,112277788
1640822400000,2021-12-30,1,726580,1050201,160012443,113004368
1640908800000,2021-12-31,1,661959,1070414,161082857,113666327
1640995200000,2022-01-01,1,364111,778365,161861222,114030438
1641081600000,2022-01-02,1,72924,4039665,165900887,114103362
1641168000000,2022-01-03,1,92977,203444,166104331,114196339
1641254400000,2022-01-04,1,369597,549536,166653867,114565936
1641340800000,2022-01-05,1,256668,572376,167226243,114822604
1641427200000,2022-01-06,1,731980,773534,167999777,115554584
1641513600000,2022-01-07,1,560300,819816,168819593,116114884
1641600000000,2022-01-08,1,455024,760632,169580225,116569908
1641686400000,2022-01-09,1,250044,563401,170143626,116819952
1641772800000,2022-01-10,1,179332,392712,170536338,116999284
1641859200000,2022-01-11,1,334376,519866,171056204,117333660
1641945600000,2022-01-12,1,613814,1099390,172155594,117947474
1642032000000,2022-01-13,1,541455,1092662,173248256,118488929
1642118400000,2022-01-14,1,463085,1043329,174291585,118952014
1642204800000,2022-01-15,1,472567,1353886,175645471,119424581
1642291200000,2022-01-16,1,321951,656518,176301989,119746532
1642377600000,2022-01-17,1,246320,327952,176629941,119992852
1642464000000,2022-01-18,1,628236,629436,177259377,120621088
1642550400000,2022-01-19,1,945503,1001759,178261136,121566591
1642636800000,2022-01-20,1,811675,892608,179153744,122378266
1642723200000,2022-01-21,1,789007,867910,180021654,123167273
1642809600000,2022-01-22,1,615113,692896,180714550,123782386
1642896000000,2022-01-23,1,298408,416783,181131333,124080794
1642982400000,2022-01-24,1,253678,246186,181377519,124334472
1643068800000,2022-01-25,1,772370,646501,182024020,125106842
1643155200000,2022-01-26,1,566671,476807,182500827,125673513
1643241600000,2022-01-27,1,739951,559208,183060035,126413464
1643328000000,2022-01-28,1,751062,616997,183677032,127164526
1643414400000,2022-01-29,1,562947,510006,184187038,127727473
1643500800000,2022-01-30,1,278290,370677,184557715,128005763
1643587200000,2022-01-31,1,22311,123282,184680997,128028074
1643673600000,2022-02-01,1,627615,440655,185121652,128655689
1643760000000,2022-02-02,1,81977,115894,185237546,128737666
1643846400000,2022-02-03,1,667861,385020,185622566,129405527
1643932800000,2022-02-04,1,716993,396673,186019239,130122520
1644019200000,2022-02-05,1,661679,368832,186388071,130784199
1644105600000,2022-02-06,1,296532,201679,186589750,131080731
1644192000000,2022-02-07,1,38694,113640,186703390,131119425
1644278400000,2022-02-08,1,970694,344172,187047562,132090119
1644364800000,2022-02-09,1,577872,242445,187290007,132667991
1644451200000,2022-02-10,1,1035757,406703,187696710,133703748
1644537600000,2022-02-11,1,700241,222044,187918754,134403989
1644624000000,2022-02-12,1,805244,141952,188060706,135209233
1644710400000,2022-02-13,1,557443,222145,188282851,135766676
1644796800000,2022-02-14,1,47353,55693,188338544,135814029
1644883200000,2022-02-15,1,833899,252141,188590685,136647928
1644969600000,2022-02-16,1,837447,242795,188833480,137485375
1645056000000,2022-02-17,1,795584,233936,189067416,138280959
1645142400000,2022-02-18,1,859508,239968,189307384,139140467
1645228800000,2022-02-19,1,805661,226314,189533698,139946128
1645315200000,2022-02-20,1,354959,113219,189646917,140301087
1645401600000,2022-02-21,1,119384,47165,189694082,140420471
1645488000000,2022-02-22,1,621930,191776,189885858,141042401
1645574400000,2022-02-23,1,763929,207044,190092902,141806330
1645660800000,2022-02-24,1,710916,217607,190310509,142517246
1645747200000,2022-02-25,1,763049,220605,190531114,143280295
1645833600000,2022-02-26,1,494396,141174,190672288,143774691
1645920000000,2022-02-27,1,3932,269,190672557,143778623
1646006400000,2022-02-28,1,680133,297042,190969599,144458756
1646092800000,2022-03-01,1,47050,7235,190976834,144505806
1646179200000,2022-03-02,1,1191,680,190977514,144506997
1646265600000,2022-03-03,1,1697144,132895,191110409,146204141
1646352000000,2022-03-04,1,350743,521033,191631442,146554884
1646438400000,2022-03-05,1,725625,203986,191835428,147280509
1646524800000,2022-03-06,1,577802,168062,192003490,147858311
1646611200000,2022-03-07,1,163040,65273,192068763,148021351
1646697600000,2022-03-08,1,566367,194941,192263704,148587718
1646784000000,2022-03-09,1,402204,148944,192412648,148989922
1646870400000,2022-03-10,1,803609,364313,192776961,149793531
1646956800000,2022-03-11,1,487103,237353,193014314,150280634
1647043200000,2022-03-12,1,493147,215164,193229478,150773781
1647129600000,2022-03-13,1,604945,171016,193400494,151378726
1647216000000,2022-03-14,1,107698,73543,193474037,151486424
1647302400000,2022-03-15,1,335419,184827,193658864,151821843
1647388800000,2022-03-16,1,583348,244613,193903477,152405191
1647475200000,2022-03-17,1,324397,232651,194136128,152729588
1647561600000,2022-03-18,1,718563,301391,194437519,153448151
1647648000000,2022-03-19,1,201247,122093,194559612,153649398
1647734400000,2022-03-20,1,617951,0,194559612,154267349
1647820800000,2022-03-21,1,102731,225881,194785493,154370080
1647907200000,2022-03-22,1,1021670,121407,194906900,155391750
1647993600000,2022-03-23,1,747766,322631,195229531,156139516
1648080000000,2022-03-24,1,196896,137294,195366825,156336412
1648166400000,2022-03-25,1,299923,166512,195533337,156636335
1648252800000,2022-03-26,1,933620,185728,195719065,157569955
1648339200000,2022-03-27,1,270803,170150,195889215,157840758
1648425600000,2022-03-28,1,133749,68824,195958039,157974507
1648512000000,2022-03-29,1,855959,282832,196240871,158830466
1648598400000,2022-03-30,1,195509,113796,196354667,159025975
1648684800000,2022-03-31,1,299285,179599,196534266,159325260
1648771200000,2022-04-01,1,361232,184834,196719100,159686492
1648857600000,2022-04-02,1,264499,131237,196850337,159950991
1648944000000,2022-04-03,1,37176,21872,196872209,159988167
1649030400000,2022-04-04,1,118944,7907,196880116,160107111
1649116800000,2022-04-05,1,101,39,196880155,160107212
1649203200000,2022-04-06,1,634177,227752,197107907,160741389
1649289600000,2022-04-07,1,194526,108988,197216895,160935915
1649376000000,2022-04-08,1,183192,96668,197313563,161119107
1649462400000,2022-04-09,1,213931,90829,197404392,161333038
1649548800000,2022-04-10,1,90366,89019,197493411,161423404
1649635200000,2022-04-11,1,110585,47031,197540442,161533989
1649721600000,2022-04-12,1,227644,119894,197660336,161761633
1649808000000,2022-04-13,1,170872,55216,197715552,161932505
1649894400000,2022-04-14,1,272468,195213,197910765,162204973
1649980800000,2022-04-15,1,167137,101354,198012119,162372110
1650067200000,2022-04-16,1,188521,87890,198100009,162560631
1650153600000,2022-04-17,1,189426,91829,198191838,162750057
1650240000000,2022-04-18,1,129038,56228,198248066,162879095
1650326400000,2022-04-19,1,157719,103372,198351438,163036814
1650412800000,2022-04-20,1,143314,127225,198478663,163180128
1650499200000,2022-04-21,1,178519,118342,198597005,163358647
1650585600000,2022-04-22,1,351045,142661,198739666,163709692
1650672000000,2022-04-23,1,165150,91448,198831114,163874842
1650758400000,2022-04-24,1,79188,69208,198900322,163954030
1650844800000,2022-04-25,1,69653,46039,198946361,164023683
1650931200000,2022-04-26,1,156473,93272,199039633,164180156
1651017600000,2022-04-27,1,158697,74081,199113714,164338853
1651104000000,2022-04-28,1,318457,78179,199191893,164657310
1651190400000,2022-04-29,1,394979,104265,199296158,165052289
1651276800000,2022-04-30,1,81970,50370,199346528,165134259
1651363200000,2022-05-01,1,95801,0,199346528,165230060
1651449600000,2022-05-02,1,146931,0,199346528,165376991
1651536000000,2022-05-03,1,48264,0,199346528,165425255
1651622400000,2022-05-04,1,0,0,199346528,165425255
1651708800000,2022-05-05,1,175678,0,199346528,165600933
1651795200000,2022-05-06,1,12828,0,199346528,165613761
1651881600000,2022-05-07,1,18407,0,199346528,165632168
1651968000000,2022-05-08,1,9823,0,199346528,165641991
1652054400000,2022-05-09,1,14112,0,199346528,165656103
1652140800000,2022-05-10,1,51584,6037,199352565,165707687
1652227200000,2022-05-11,1,132169,43289,199395854,165839856
1652313600000,2022-05-12,1,129279,54813,199450667,165969135
1652400000000,2022-05-13,1,111396,62878,199513545,166080531
1652486400000,2022-05-14,1,79967,42913,199556458,166160498
1652572800000,2022-05-15,1,91850,48035,199604493,166252348
1652659200000,2022-05-16,1,20831,20913,199625406,166273179
1652745600000,2022-05-17,1,17579,19065,199644471,166290758
1652832000000,2022-05-18,1,116223,70974,199715445,166406981
1652918400000,2022-05-19,1,85293,26357,199741802,166492274
1653004800000,2022-05-20,1,140428,56909,199798711,166632702
1653091200000,2022-05-21,1,132018,45565,199844276,166764720
1653177600000,2022-05-22,1,72895,39277,199883553,166837615
1653264000000,2022-05-23,1,73842,33777,199917330,166911457
1653350400000,2022-05-24,1,60416,37740,199955070,166971873
1653436800000,2022-05-25,1,96507,60675,200015745,167068380
1653523200000,2022-05-26,1,88476,68335,200084080,167156856
1653609600000,2022-05-27,1,41281,28782,200112862,167198137
1653696000000,2022-05-28,1,66252,50664,200163526,167264389
1653782400000,2022-05-29,1,60741,34662,200198188,167325130
1653868800000,2022-05-30,1,5002,3994,200202182,167330132
1653955200000,2022-05-31,1,90678,65226,200267408,167420810
1654041600000,2022-06-01,1,86435,60417,200327825,167507245
1654128000000,2022-06-02,1,0,0,200327825,167507245
1654214400000,2022-06-03,1,91160,66963,200394788,167598405
1654300800000,2022-06-04,1,46298,42960,200437748,167644703
1654387200000,2022-06-05,1,54325,34777,200472525,167699028
1654473600000,2022-06-06,1,31046,17735,200490260,167730074
1654560000000,2022-06-07,1,66246,138916,200629176,167796320
1654646400000,2022-06-08,1,63238,52727,200681903,167859558
1654732800000,2022-06-09,1,62639,50217,200732120,167922197
1654819200000,2022-06-10,1,75602,61052,200793172,167997799
1654905600000,2022-06-11,1,33136,25369,200818541,168030935
1654992000000,2022-06-12,1,37681,27225,200845766,168068616
1655078400000,2022-06-13,1,27810,20962,200866728,168096426
1655164800000,2022-06-14,1,63431,53964,200920692,168159857
1655251200000,2022-06-15,1,24085,20948,200941640,168183942
1655337600000,2022-06-16,1,67853,58920,201000560,168251795
1655424000000,2022-06-17,1,126731,95152,201095712,168378526
1655510400000,2022-06-18,1,50544,35392,201131104,168429070
1655596800000,2022-06-19,1,18668,14389,201145493,168447738
1655683200000,2022-06-20,1,55674,31745,201177238,168503412
1655769600000,2022-06-21,1,8148,10257,201187495,168511560
1655856000000,2022-06-22,1,78485,55196,201242691,168590045
1655942400000,2022-06-23,1,54171,34693,201277384,168644216
1656028800000,2022-06-24,1,16758,19362,201296746,168660974
1656115200000,2022-06-25,1,123200,53486,201350232,168784174
1656201600000,2022-06-26,1,39601,16044,201366276,168823775
1656288000000,2022-06-27,1,37068,13271,201379547,168860843
1656374400000,2022-06-28,1,39738,38513,201418060,168900581
1656460800000,2022-06-29,1,64285,36112,201454172,168964866
1656547200000,2022-06-30,1,16030,18684,201472856,168980896
1656633600000,2022-07-01,1,90969,61939,201534795,169071865
1656720000000,2022-07-02,1,39889,22606,201557401,169111754
1656806400000,2022-07-03,1,5803,7905,201565306,169117557
1656892800000,2022-07-04,1,50940,24294,201589600,169168497
1656979200000,2022-07-05,1,23950,26800,201616400,169192447
1657065600000,2022-07-06,1,39727,27297,201643697,169232174
1657152000000,2022-07-07,1,2942,6353,201650050,169235116
1657238400000,2022-07-08,0,0,0,201650050,169235116
1657324800000,2022-07-09,2,43333,90812,201740862,169278449
1657411200000,2022-07-10,1,81010,8395,201749257,169359459
1657497600000,2022-07-11,1,15909,12525,201761782,169375368
1657584000000,2022-07-12,1,3218,5376,201767158,169378586
1657670400000,2022-07-13,1,39074,55163,201822321,169417660
1657756800000,2022-07-14,1,5575,10118,201832439,169423235
1657843200000,2022-07-15,1,82305,59646,201892085,169505540
1657929600000,2022-07-16,1,8704,15249,201907334,169514244
1658016000000,2022-07-17,1,51165,37530,201944864,169565409
1658102400000,2022-07-18,1,16642,21952,201966816,169582051
1658188800000,2022-07-19,1,31117,27325,201994141,169613168
1658275200000,2022-07-20,1,51141,51940,202046081,169664309
1658361600000,2022-07-21,1,39635,33916,202079997,169703944
1658448000000,2022-07-22,1,15488,23686,202103683,169719432
1658534400000,2022-07-23,1,63732,59709,202163392,169783164
1658620800000,2022-07-24,1,34768,34340,202197732,169817932
1658707200000,2022-07-25,1,20876,23016,202220748,169838808
1658793600000,2022-07-26,1,43577,47980,202268728,169882385
1658880000000,2022-07-27,1,54087,65063,202333791,169936472
1658966400000,2022-07-28,1,6007,11583,202345374,169942479
1659052800000,2022-07-29,1,79406,75765,202421139,170021885
1659139200000,2022-07-30,1,13809,22072,202443211,170035694
1659225600000,2022-07-31,1,43905,35497,202478708,170079599
1659312000000,2022-08-01,1,4803,6960,202485668,170084402
1659398400000,2022-08-02,1,52209,61000,202546668,170136611
1659484800000,2022-08-03,1,6768,16721,202563389,170143379
1659571200000,2022-08-04,1,58270,59996,202623385,170201649
1659657600000,2022-08-05,1,49029,64113,202687498,170250678
1659744000000,2022-08-06,1,0,0,202687498,170250678
1659830400000,2022-08-07,1,48126,47630,202735128,170298804
1659916800000,2022-08-08,0,0,0,202735128,170298804
1660003200000,2022-08-09,2,23459,36886,202772014,170322263
1660089600000,2022-08-10,1,34186,41301,202813315,170356449
1660176000000,2022-08-11,1,36155,28430,202841745,170392604
1660262400000,2022-08-12,1,40042,50151,202891896,170432646
1660348800000,2022-08-13,1,52505,57419,202949315,170485151
1660435200000,2022-08-14,1,1604,2523,202951838,170486755
1660521600000,2022-08-15,1,14786,14732,202966570,170501541
1660608000000,2022-08-16,1,42667,51172,203017742,170544208
1660694400000,2022-08-17,1,5459,9852,203027594,170549667
1660780800000,2022-08-18,1,8577,10286,203037880,170558244
1660867200000,2022-08-19,1,31653,44739,203082619,170589897
1660953600000,2022-08-20,1,15206,19071,203101690,170605103
1661040000000,2022-08-21,1,9168,14318,203116008,170614271
1661126400000,2022-08-22,1,7542,12720,203128728,170621813
1661212800000,2022-08-23,1,105654,17680,203146408,170727467
1661299200000,2022-08-24,1,23628,14665,203161073,170751095
1661385600000,2022-08-25,1,50669,37035,203198108,170801764
1661472000000,2022-08-26,1,30817,34188,203232296,170832581
1661558400000,2022-08-27,1,31540,41332,203273628,170864121
1661644800000,2022-08-28,1,14253,10976,203284604,170878374
1661731200000,2022-08-29,1,16917,29945,203314549,170895291
1661817600000,2022-08-30,1,27535,36949,203351498,170922826
1661904000000,2022-08-31,1,38841,17017,203368515,170961667
1661990400000,2022-09-01,1,5136,4880,203373395,170966803
1662076800000,2022-09-02,1,93908,16177,203389572,171060711
1662163200000,2022-09-03,1,4162,7632,203397204,171064873
1662249600000,2022-09-04,1,22894,20322,203417526,171087767
1662336000000,2022-09-05,1,24210,17848,203435374,171111977
1662422400000,2022-09-06,1,0,0,203435374,171111977
1662508800000,2022-09-07,1,0,0,203435374,171111977
1662595200000,2022-09-08,1,0,0,203435374,171111977
1662681600000,2022-09-09,1,0,0,203435374,171111977
1662768000000,2022-09-10,1,0,0,203435374,171111977
1662854400000,2022-09-11,1,0,0,203435374,171111977
1662940800000,2022-09-12,1,0,0,203435374,171111977
1663027200000,2022-09-13,1,272304,792540,204227914,170839673
1663113600000,2022-09-14,1,0,0,204227914,170839673
1663200000000,2022-09-15,1,3697,4587,204232501,170843370
1663286400000,2022-09-16,1,36661,35909,204268410,170880031
1663372800000,2022-09-17,1,30226,33364,204301774,170910257
1663459200000,2022-09-18,1,20469,21723,204323497,170930726
1663545600000,2022-09-19,1,18526,16066,204339563,170949252
1663632000000,2022-09-20,1,21044,21739,204361302,170970296
1663718400000,2022-09-21,1,26706,27235,204388537,170997002
1663804800000,2022-09-22,1,21807,16387,204404924,171018809
1663891200000,2022-09-23,1,21632,17069,204421993,171040441
1663977600000,2022-09-24,1,22232,26143,204448136,171062673
1664064000000,2022-09-25,1,15152,28067,204476203,171077825
1664150400000,2022-09-26,1,17097,14900,204491103,171094922
1664236800000,2022-09-27,1,22191,20549,204511652,171117113
1664323200000,2022-09-28,1,23508,23797,204535449,171140621
1664409600000,2022-09-29,1,20905,21071,204556520,171161526
1664496000000,2022-09-30,1,24537,22271,204578791,171186063
1664582400000,2022-10-01,1,19076,15383,204594174,171205139
1664668800000,2022-10-02,1,11602,10910,204605084,171216741
1664755200000,2022-10-03,1,9568,11049,204616133,171226309
1664841600000,2022-10-04,1,20962,15412,204631545,171247271
1664928000000,2022-10-05,1,9014,9385,204640930,171256285
1665014400000,2022-10-06,1,30561,26292,204667222,171286846
1665100800000,2022-10-07,1,11050,10782,204678004,171297896
1665187200000,2022-10-08,1,12204,12334,204690338,171310100
1665273600000,2022-10-09,1,0,0,204690338,171310100
1665360000000,2022-10-10,1,11893,10591,204700929,171321993
1665446400000,2022-10-11,1,23148,21456,204722385,171345141
1665532800000,2022-10-12,1,0,0,204722385,171345141
1665619200000,2022-10-13,1,20619,20101,204742486,171365760
1665705600000,2022-10-14,1,15075,9826,204752312,171380835
1665792000000,2022-10-15,1,18410,10377,204762689,171399245
1665878400000,2022-10-16,1,10214,5864,204768553,171409459
1665964800000,2022-10-17,1,9506,6616,204775169,171418965
1666051200000,2022-10-18,1,294104,276405,205051574,171713069
1666137600000,2022-10-19,1,15867,4317,205055891,171728936
1666224000000,2022-10-20,1,18018,11714,205067605,171746954
1666310400000,2022-10-21,1,4888,3831,205071436,171751842
1666396800000,2022-10-22,1,25010,16575,205088011,171776852
1666483200000,2022-10-23,1,9780,3857,205091868,171786632
1666569600000,2022-10-24,1,11993,5020,205096888,171798625
1666656000000,2022-10-25,1,13576,6954,205103842,171812201
1666742400000,2022-10-26,1,16086,7498,205111340,171828287
1666828800000,2022-10-27,1,13092,6748,205118088,171841379
1666915200000,2022-10-28,1,11111,6919,205125007,171852490
1667001600000,2022-10-29,1,13312,7550,205132557,171865802
1667088000000,2022-10-30,1,7219,5809,205138366,171873021
1667174400000,2022-10-31,1,2918,1334,205139700,171875939
1667260800000,2022-11-01,1,27950,11760,205151460,171903889
1667347200000,2022-11-02,1,16518,7660,205159120,171920407
1667433600000,2022-11-03,1,16925,7882,205167002,171937332
1667520000000,2022-11-04,1,20732,8868,205175870,171958064
1667606400000,2022-11-05,1,20957,8812,205184682,171979021
1667692800000,2022-11-06,1,10236,5408,205190090,171989257
1667779200000,2022-11-07,1,0,0,205190090,171989257
1667865600000,2022-11-08,1,33190,15962,205206052,172022447
1667952000000,2022-11-09,1,20456,10917,205216969,172042903
1668038400000,2022-11-10,1,17102,8996,205225965,172060005
1668124800000,2022-11-11,1,23841,11303,205237268,172083846
1668211200000,2022-11-12,1,11635,8450,205245718,172095481
1668297600000,2022-11-13,1,4284,3068,205248786,172099765
1668384000000,2022-11-14,1,0,0,205248786,172099765
1668470400000,2022-11-15,1,25079,17430,205266216,172124844
1668556800000,2022-11-16,1,8266,6157,205272373,172133110
1668643200000,2022-11-17,1,13906,9391,205281764,172147016
1668729600000,2022-11-18,1,35169,10759,205292523,172182185
1668816000000,2022-11-19,1,43495,14155,205306678,172225680
1668902400000,2022-11-20,1,14322,6742,205313420,172240002
1668988800000,2022-11-21,1,7753,5424,205318844,172247755
1669075200000,2022-11-22,1,29168,12007,205330851,172276923
1669161600000,2022-11-23,1,68384,59693,205390544,172345307
1669248000000,2022-11-24,1,19600,8666,205399210,172364907
1669334400000,2022-11-25,1,19708,9991,205409201,172384615
1669420800000,2022-11-26,1,0,0,205409201,172384615
1669507200000,2022-11-27,1,0,0,205409201,172384615
1669593600000,2022-11-28,1,1735099,1693353,203715848,174119714
1669680000000,2022-11-29,1,0,0,203715848,174119714
